<!-- 
/*
 *	This content is generated from the PSD File Info.
 *	(Alt+Shift+Ctrl+I).
 *
 *	@desc 		
 *	@file 		splash_screen
 *	@date 		Friday 17th of March 2023 07:35:54 AM
 *	@title 		Page 1
 *	@author 	
 *	@keywords 	
 *	@generator 	Export Kit v1.3.figma
 *
*/
 -->
<figma>
	<layers name="splash_screen" path=" ek125_301_shape_effects/" >
		<layer id="192:1781" name="_bg__splash_screen" type="shape" shapeType="rectangle" color="0x010101" x="0" y="0" width="385" height="800">
			<constraints>
				<horizontal>MIN</horizontal>
				<vertical>MIN</vertical>
			</constraints>

</layer>

		<layer name="card19_container_" type="group" folderType="layerset" id="192:1782" x="74" y="240" width="219" height="270" >
			<layout>
				<align>INHERIT</align>
				<grow>0</grow>
				<positioning>AUTO</positioning>
				<mode>NONE</mode>
				<overflow>NONE</overflow>
				<spacing>0</spacing>
				<axis>
					<primary>
						<alignItems>MIN</alignItems>
						<sizingMode>AUTO</sizingMode>
					</primary>
					<counter>
						<alignItems>MIN</alignItems>
						<sizingMode>FIXED</sizingMode>
					</counter>
				</axis>
				<padding>
					<top>0</top>
					<left>0</left>
					<bottom>0</bottom>
					<right>0</right>
					<vertical>0</vertical>
					<horizontal>0</horizontal>
				</padding>
			</layout>

			<overlay>
				<position>CENTER</position>
				<interaction>NONE</interaction>
				<background>
					<type>NONE</type>
				</background>
			</overlay>

			<constraints>
				<horizontal>MIN</horizontal>
				<vertical>MIN</vertical>
			</constraints>

			<layer id="192:1783" name="b_1" type="image" src="skins/b_1.png" x="45" y="90" width="147" height="140">
				<constraints>
					<horizontal>CENTER</horizontal>
					<vertical>CENTER</vertical>
				</constraints>

</layer>

		</layer>
	</layers>
</figma>