<?xml version="1.0" encoding="utf-8"?>
<resources>
	<!-- url_check_0_ colors -->

	<color name="colorPrimary">#008577</color>
	<color name="colorPrimaryDark">#00574B</color>
	<color name="colorAccent">#D81B60</color>
	<color name="purple_200">#FFBB86FC</color>
	<color name="purple_500">#FF6200EE</color>
	<color name="purple_700">#FF3700B3</color>
	<color name="teal_200">#FF03DAC5</color>
	<color name="teal_700">#FF018786</color>
	<color name="black">#FF000000</color>
	<color name="white">#FFFFFFFF</color>

	<color name="_bg__url_check_0__color">#010101</color>
	<color name="rectangle_6_color">#242424</color>
	<color name="rectangle_7_color">#B51919</color>
	<color name="safe_meter_color">#FFFFFF</color>
	<color name="paste_url_to_check_color">#585858</color>
	<color name="the_safe_meter_has_a_rating_of____for_this_app__this_app_might_have_privacy_and_security_issues__you_may_have_higher_risk_color">#6B6B6B</color>
	<color name="rectangle_9_color">#D9D9D9</color>
	<color name="rectangle_10_color">#8CAF68</color>
	<color name="_00_color">#515151</color>
</resources>