<?xml version="1.0" encoding="utf-8"?>
<resources>
	<!-- url_check_0_ strings -->

	<string name="app_name">Page 1</string>
	<string name="ek_img_content">ExportKit Image</string>
	<string name="safe_meter_string">safe meter</string>
	<string name="score__string">score-</string>
	<string name="paste_url_to_check_string">paste url to check</string>
	<string name="the_safe_meter_has_a_rating_of____for_this_app__this_app_might_have_privacy_and_security_issues__you_may_have_higher_risk_string">the safe meter has a rating of $% for this app.this app might have privacy and security issues. You may have higher risk</string>
	<string name="check_string">check </string>
	<string name="_00_string">00</string>
</resources>