<!-- 
/*
 *	This content is generated from the PSD File Info.
 *	(Alt+Shift+Ctrl+I).
 *
 *	@desc 		
 *	@file 		login
 *	@date 		Sunday 26th of March 2023 03:02:54 PM
 *	@title 		Page 1
 *	@author 	
 *	@keywords 	
 *	@generator 	Export Kit v1.3.figma
 *
*/
 -->
<figma>
	<layers name="login" path=" ek125_301_shape_effects/" >
		<layer id="235:130" name="_bg__login" type="shape" shapeType="rectangle" color="0x000000" x="0" y="0" width="385" height="800">
			<constraints>
				<horizontal>MIN</horizontal>
				<vertical>MIN</vertical>
			</constraints>

</layer>
		<layer id="243:261" name="rectangle_4" type="image" src="skins/rectangle_4.png" x="45" y="405" width="270" height="53">
			<constraints>
				<horizontal>MIN</horizontal>
				<vertical>MIN</vertical>
			</constraints>

</layer>
		<layer id="243:260" name="rectangle_4__stroke_" type="image" src="skins/rectangle_4__stroke_.png" x="45" y="400" width="270" height="53">
			<constraints>
				<horizontal>MIN</horizontal>
				<vertical>MIN</vertical>
			</constraints>

</layer>
		<layer id="243:262" name="log_in_" type="image" src="skins/log_in_.png" x="23.28" y="38.32" width="91.84" height="33.44">
			<constraints>
				<horizontal>MIN</horizontal>
				<vertical>MIN</vertical>
			</constraints>

</layer>
		<layer id="243:263" name="mobile_number" type="image" src="skins/mobile_number.png" x="63.2" y="363.4" width="137.99" height="14.88">
			<constraints>
				<horizontal>MIN</horizontal>
				<vertical>MIN</vertical>
			</constraints>

</layer>
		<layer id="243:264" name="mobile_number_ek1" type="image" src="skins/mobile_number_ek1.png" x="63.2" y="417.4" width="137.99" height="14.88">
			<constraints>
				<horizontal>MIN</horizontal>
				<vertical>MIN</vertical>
			</constraints>

</layer>
		<layer id="243:266" name="rectangle_5" type="image" src="skins/rectangle_5.png" x="45" y="522" width="270" height="53">
			<constraints>
				<horizontal>MIN</horizontal>
				<vertical>MIN</vertical>
			</constraints>

</layer>
		<layer id="243:265" name="rectangle_5__stroke_" type="image" src="skins/rectangle_5__stroke_.png" x="45" y="522" width="270" height="53">
			<constraints>
				<horizontal>MIN</horizontal>
				<vertical>MIN</vertical>
			</constraints>

</layer>
		<layer id="243:267" name="password" type="image" src="skins/password.png" x="63.2" y="486" width="85.34" height="14.28">
			<constraints>
				<horizontal>MIN</horizontal>
				<vertical>MIN</vertical>
			</constraints>

</layer>
		<layer id="243:268" name="all_rights_reserved" type="image" src="skins/all_rights_reserved.png" x="100.6" y="706.4" width="165.55" height="18.88">
			<constraints>
				<horizontal>MIN</horizontal>
				<vertical>MIN</vertical>
			</constraints>

</layer>
		<layer id="243:269" name="forgot_password" type="image" src="skins/forgot_password.png" x="119.68" y="589.17" width="112.97" height="14.13">
			<constraints>
				<horizontal>MIN</horizontal>
				<vertical>MIN</vertical>
			</constraints>

</layer>
		<layer id="243:270" name="_don_t_have_an_account__sign_up" type="image" src="skins/_don_t_have_an_account__sign_up.png" x="60.42" y="614.39" width="154.85" height="34.91">
			<interactions>
				<node_0>
					<action>
						<type>NODE</type>
						<destinationId>192:1819</destinationId>
						<navigation>NAVIGATE</navigation>
						<transition>
							<type>SMART_ANIMATE</type>
							<easing>
								<type>EASE_OUT</type>
							</easing>
							<duration>0.30000001192093</duration>
						</transition>
						<preserveScrollPosition></preserveScrollPosition>
						<resetVideoPosition></resetVideoPosition>
					</action>
					<trigger>
						<type>ON_CLICK</type>
					</trigger>
					<destination>signup_2_0</destination>
				</node_0>
			</interactions>

			<constraints>
				<horizontal>MIN</horizontal>
				<vertical>MIN</vertical>
			</constraints>

</layer>
		<layer id="243:271" name="enter_password" type="image" src="skins/enter_password.png" x="63.2" y="540" width="138.97" height="14.28">
			<constraints>
				<horizontal>MIN</horizontal>
				<vertical>MIN</vertical>
			</constraints>

</layer>

		<layer name="component_2" type="group" folderType="component" id="327:238" x="103" y="128" width="180" height="180" >
			<properties>
				<Property 1>
					<value>Default</value>
					<type>VARIANT</type>
				</Property 1>
			</properties>

			<layout>
				<align>INHERIT</align>
				<grow>0</grow>
				<positioning>AUTO</positioning>
				<mode>NONE</mode>
				<overflow>NONE</overflow>
				<spacing>0</spacing>
				<axis>
					<primary>
						<alignItems>MIN</alignItems>
						<sizingMode>AUTO</sizingMode>
					</primary>
					<counter>
						<alignItems>MIN</alignItems>
						<sizingMode>FIXED</sizingMode>
					</counter>
				</axis>
				<padding>
					<top>0</top>
					<left>0</left>
					<bottom>0</bottom>
					<right>0</right>
					<vertical>0</vertical>
					<horizontal>0</horizontal>
				</padding>
			</layout>

			<overlay>
				<position>CENTER</position>
				<interaction>NONE</interaction>
				<background>
					<type>NONE</type>
				</background>
			</overlay>

			<interactions>
				<node_0>
					<action>
						<type>NODE</type>
						<destinationId>235:153</destinationId>
						<navigation>CHANGE_TO</navigation>
						<transition>
							<type>SMART_ANIMATE</type>
							<easing>
								<type>EASE_OUT</type>
							</easing>
							<duration>0.30000001192093</duration>
						</transition>
						<preserveScrollPosition></preserveScrollPosition>
						<resetVideoPosition></resetVideoPosition>
					</action>
					<trigger>
						<type>AFTER_TIMEOUT</type>
						<timeout>0.60000002384186</timeout>
					</trigger>
				</node_0>
			</interactions>

			<constraints>
				<horizontal>MIN</horizontal>
				<vertical>MIN</vertical>
			</constraints>
			<layer name="component_1" type="group" folderType="component" id="I327:238;235:131" x="0" y="0" width="180" height="180" >
				<properties>
					<Property 1>
						<value>Default</value>
						<type>VARIANT</type>
					</Property 1>
				</properties>

				<layout>
					<align>INHERIT</align>
					<grow>0</grow>
					<positioning>AUTO</positioning>
					<mode>NONE</mode>
					<overflow>NONE</overflow>
					<spacing>0</spacing>
					<axis>
						<primary>
							<alignItems>MIN</alignItems>
							<sizingMode>AUTO</sizingMode>
						</primary>
						<counter>
							<alignItems>MIN</alignItems>
							<sizingMode>FIXED</sizingMode>
						</counter>
					</axis>
					<padding>
						<top>0</top>
						<left>0</left>
						<bottom>0</bottom>
						<right>0</right>
						<vertical>0</vertical>
						<horizontal>0</horizontal>
					</padding>
				</layout>

				<overlay>
					<position>CENTER</position>
					<interaction>NONE</interaction>
					<background>
						<type>NONE</type>
					</background>
				</overlay>

				<interactions>
					<node_0>
						<action>
							<type>NODE</type>
							<destinationId>199:703</destinationId>
							<navigation>CHANGE_TO</navigation>
							<transition>
								<type>SMART_ANIMATE</type>
								<easing>
									<type>EASE_OUT</type>
								</easing>
								<duration>0.5</duration>
							</transition>
							<preserveScrollPosition></preserveScrollPosition>
							<resetVideoPosition></resetVideoPosition>
						</action>
						<trigger>
							<type>AFTER_TIMEOUT</type>
							<timeout>0.10000000149012</timeout>
						</trigger>
					</node_0>
				</interactions>

				<constraints>
					<horizontal>SCALE</horizontal>
					<vertical>SCALE</vertical>
				</constraints>

				<layer id="I327:238;235:131;199:682" name="vector" type="image" src="skins/vector.png" x="0" y="0" width="180" height="180" >
					<effects>
						<effect type="frameFX" lineSize="0.4" color="0x6b40e2" alpha="1" />
					</effects>
					<constraints>
						<horizontal>SCALE</horizontal>
						<vertical>SCALE</vertical>
					</constraints>

				</layer>
				<layer id="I327:238;235:131;199:683" name="vector_ek1" type="image" src="skins/vector_ek1.png" x="18.75" y="18.75" width="142.5" height="142.5" >
					<effects>
						<effect type="frameFX" lineSize="0.4" color="0x6b40e2" alpha="1" />
					</effects>
					<constraints>
						<horizontal>SCALE</horizontal>
						<vertical>SCALE</vertical>
					</constraints>

				</layer>
				<layer id="I327:238;235:131;199:684" name="vector_ek2" type="image" src="skins/vector_ek2.png" x="26.25" y="7.5" width="140.63" height="123.75" >
					<effects>
						<effect type="frameFX" lineSize="0.4" color="0x020203" alpha="1" />
					</effects>
					<constraints>
						<horizontal>SCALE</horizontal>
						<vertical>SCALE</vertical>
					</constraints>

				</layer>

				<layer name="group" type="group" folderType="layerset" id="I327:238;235:131;199:685" x="28.9" y="41.56" width="111.79" height="88.94" >
					<layout>
						<align>INHERIT</align>
						<grow>0</grow>
						<positioning>AUTO</positioning>
						<axis>
							<primary>
							</primary>
							<counter>
							</counter>
						</axis>
						<padding>
						</padding>
					</layout>

					<layer id="I327:238;235:131;199:686" name="vector_ek3" type="image" src="skins/vector_ek3.png" x="0" y="0" width="111.79" height="88.94">
						<constraints>
							<horizontal>SCALE</horizontal>
							<vertical>SCALE</vertical>
						</constraints>

</layer>

				</layer>
				<layer id="I327:238;235:131;199:687" name="vector_ek4" type="image" src="skins/vector_ek4.png" x="26.25" y="7.5" width="140.63" height="123.75" >
					<effects>
						<effect type="frameFX" lineSize="0.4" color="0x020203" alpha="1" />
					</effects>
					<constraints>
						<horizontal>SCALE</horizontal>
						<vertical>SCALE</vertical>
					</constraints>

				</layer>
				<layer id="I327:238;235:131;199:688" name="vector_ek5" type="image" src="skins/vector_ek5.png" x="16.88" y="129.38" width="146.25" height="11.25" >
					<effects>
						<effect type="frameFX" lineSize="0.4" color="0x020203" alpha="1" />
					</effects>
					<constraints>
						<horizontal>SCALE</horizontal>
						<vertical>SCALE</vertical>
					</constraints>

				</layer>
				<layer id="I327:238;235:131;199:689" name="vector_ek6" type="image" src="skins/vector_ek6.png" x="15" y="9.38" width="73.13" height="129.38" >
					<effects>
						<effect type="frameFX" lineSize="0.4" color="0x020203" alpha="1" />
					</effects>
					<constraints>
						<horizontal>SCALE</horizontal>
						<vertical>SCALE</vertical>
					</constraints>

				</layer>
				<layer id="I327:238;235:131;199:690" name="vector_ek7" type="image" src="skins/vector_ek7.png" x="88.13" y="50.63" width="13.13" height="43.13" >
					<effects>
						<effect type="frameFX" lineSize="0.4" color="0x0d0d0d" alpha="1" />
					</effects>
					<constraints>
						<horizontal>SCALE</horizontal>
						<vertical>SCALE</vertical>
					</constraints>

				</layer>
				<layer id="I327:238;235:131;199:691" name="vector_ek8" type="image" src="skins/vector_ek8.png" x="90" y="97.5" width="11.25" height="13.13" >
					<effects>
						<effect type="frameFX" lineSize="0.4" color="0x0d0d0d" alpha="1" />
					</effects>
					<constraints>
						<horizontal>SCALE</horizontal>
						<vertical>SCALE</vertical>
					</constraints>

				</layer>
				<layer id="I327:238;235:131;199:692" name="vector_ek9" type="image" src="skins/vector_ek9.png" x="127.5" y="26.25" width="31.88" height="33.75">
					<constraints>
						<horizontal>SCALE</horizontal>
						<vertical>SCALE</vertical>
					</constraints>

</layer>
				<layer id="I327:238;235:131;199:693" name="vector_ek10" type="image" src="skins/vector_ek10.png" x="63.75" y="148.13" width="22.5" height="22.5">
					<constraints>
						<horizontal>SCALE</horizontal>
						<vertical>SCALE</vertical>
					</constraints>

</layer>
				<layer id="I327:238;235:131;199:694" name="vector_ek11" type="image" src="skins/vector_ek11.png" x="18.75" y="52.5" width="15" height="11.25" >
					<effects>
						<effect type="frameFX" lineSize="0.4" color="0x0d0d0d" alpha="1" />
					</effects>
					<constraints>
						<horizontal>SCALE</horizontal>
						<vertical>SCALE</vertical>
					</constraints>

				</layer>
				<layer id="I327:238;235:131;199:695" name="vector_ek12" type="image" src="skins/vector_ek12.png" x="18.75" y="43.13" width="15" height="9.38" >
					<effects>
						<effect type="frameFX" lineSize="0.4" color="0x0d0d0d" alpha="1" />
					</effects>
					<constraints>
						<horizontal>SCALE</horizontal>
						<vertical>SCALE</vertical>
					</constraints>

				</layer>
				<layer id="I327:238;235:131;199:696" name="vector_ek13" type="image" src="skins/vector_ek13.png" x="30" y="45" width="9.38" height="18.75" >
					<effects>
						<effect type="frameFX" lineSize="0.4" color="0x0d0d0d" alpha="1" />
					</effects>
					<constraints>
						<horizontal>SCALE</horizontal>
						<vertical>SCALE</vertical>
					</constraints>

				</layer>
				<layer id="I327:238;235:131;199:697" name="vector_ek14" type="image" src="skins/vector_ek14.png" x="148.13" y="101.25" width="18.75" height="22.5" >
					<effects>
						<effect type="frameFX" lineSize="0.4" color="0x0d0d0d" alpha="1" />
					</effects>
					<constraints>
						<horizontal>SCALE</horizontal>
						<vertical>SCALE</vertical>
					</constraints>

				</layer>
				<layer id="I327:238;235:131;199:698" name="vector_ek15" type="image" src="skins/vector_ek15.png" x="150" y="90" width="30" height="30" >
					<effects>
						<effect type="frameFX" lineSize="0.4" color="0x0d0d0d" alpha="1" />
					</effects>
					<constraints>
						<horizontal>SCALE</horizontal>
						<vertical>SCALE</vertical>
					</constraints>

				</layer>
				<layer id="I327:238;235:131;199:699" name="vector_ek16" type="image" src="skins/vector_ek16.png" x="151.88" y="90" width="28.13" height="24.38" >
					<effects>
						<effect type="frameFX" lineSize="0.4" color="0x0d0d0d" alpha="1" />
					</effects>
					<constraints>
						<horizontal>SCALE</horizontal>
						<vertical>SCALE</vertical>
					</constraints>

				</layer>
				<layer id="I327:238;235:131;199:700" name="vector_ek17" type="image" src="skins/vector_ek17.png" x="165" y="91.88" width="7.5" height="5.63" >
					<effects>
						<effect type="frameFX" lineSize="0.4" color="0x0d0d0d" alpha="1" />
					</effects>
					<constraints>
						<horizontal>SCALE</horizontal>
						<vertical>SCALE</vertical>
					</constraints>

				</layer>

			</layer>

		</layer>
	</layers>
</figma>